{
  "8": 0.1453647017478943,
  "9": 0.14868178963661194,
  "10": 0.16856013238430023,
  "11": 0.1606997549533844,
  "12": 0.16592758893966675,
  "13": 0.17841963469982147,
  "14": 0.1897002011537552,
  "15": 0.19621381163597107,
  "16": 0.20078811049461365,
  "17": 0.2060229778289795,
  "18": 0.2065534144639969,
  "19": 0.2142166942358017,
  "20": 0.21680912375450134,
  "21": 0.21823380887508392,
  "22": 0.2251201719045639,
  "23": 0.24176284670829773,
  "24": 0.24861738085746765,
  "25": 0.25026488304138184,
  "26": 0.2572263777256012,
  "27": 0.2652788758277893,
  "28": 0.2703779935836792,
  "29": 0.29014718532562256,
  "30": 0.30207890272140503
}