{
  "8": 0.11964181810617447,
  "9": 0.12384595721960068,
  "10": 0.13675671815872192,
  "11": 0.1455126255750656,
  "12": 0.15735089778900146,
  "13": 0.16295331716537476,
  "14": 0.1702141910791397,
  "15": 0.14888902008533478,
  "16": 0.15101253986358643,
  "17": 0.1659540981054306,
  "18": 0.17792348563671112,
  "19": 0.17641741037368774,
  "20": 0.18485954403877258,
  "21": 0.19911009073257446,
  "22": 0.21038569509983063,
  "23": 0.2259109616279602,
  "24": 0.23950815200805664,
  "25": 0.250029981136322,
  "26": 0.25264132022857666,
  "27": 0.2607552707195282,
  "28": 0.2662244141101837,
  "29": 0.2771724462509155,
  "30": 0.28673431277275085
}